variety,seeding_rate,seeding_depth,seeding_window,days_to_maturity,row_spacing,harvest_notes,seed_sources,grower_tips,bread_notes,malt_profile,falling_number,test_weight,sourdough_notes,end_use,species,malt_type,modification,diastatic_power,color_lovibond,extract_potential_pct,kilning_notes,flour_extraction_pct,ash_content_pct,gluten_strength,water_absorption_pct,ideal_stone_type,milling_notes
Magnifik,120-150 kg/ha,3-4 cm,Sep 01-Sep 25 (winter),280-310,12-15 cm,Combine at 14% moisture; good standability,Graminor;Felleskjopet,Excellent bread wheat for southern Norway; needs good snow cover in zone 3,Strong gluten; 12-14% protein; excellent loaf volume; approved Norwegian milling wheat,,,78-82 kg/hl,Good base for wheat levain; strong gluten gives structure in mixed-grain sourdoughs,bread;sourdough,Triticum aestivum,,,,,,,70-75,0.50-0.60,strong,60-64,granite burr; slow speed,Excellent roller mill flour; strong gluten network
Veli,120-140 kg/ha,3-4 cm,Aug 25-Sep 15 (winter),290-320,12-15 cm,Very winter hardy; harvest when heads droop and grain is hard,Boreal;NordGen,Extreme cold tolerance to zone 2; Finnish breeding; reliable in harsh winters,Moderate bread quality; 11-13% protein; best blended with stronger wheats,,,,Mild flavor in sourdough; blends well with rye sours for Finnish-style breads,bread;dual-purpose,Triticum aestivum,,,,,,,68-72,0.55-0.65,medium,58-62,,Moderate extraction; best blended with stronger wheats
Mirakel,130-160 kg/ha,3-4 cm,Apr 15-May 15 (spring),95-110,12-15 cm,Spring wheat; harvest at golden straw stage,Graminor;Lantmannen,Norwegian spring wheat; high protein; excellent bread quality,Outstanding bread wheat; 13-15% protein; wild-type Gpc-B1 allele; Norway's most grown wheat,,,79-84 kg/hl,Excellent sourdough wheat; high protein supports long fermentation; nutty flavor development,bread;sourdough,Triticum aestivum,,,,,,,72-76,0.48-0.58,very_strong,62-66,granite burr; medium speed,Outstanding stone mill wheat; high protein supports artisan baking
Norstar,100-130 kg/ha,3-5 cm,Sep 01-Sep 25 (winter),280-310,15-18 cm,Very hardy; harvest when kernel snaps clean,GRIN/NPGS;SeCan,Canadian benchmark for winter hardiness; zone 2-3 reliable,Moderate bread quality; 11-12% protein; better for blending than solo bread flour,,,,Fair sourdough base; mild flavor; best mixed with heritage rye for character,bread;dual-purpose,Triticum aestivum,base,medium,90-110,1.5-2.5,78-80,Standard pale malt kilning,,,,,,
Kharkov,100-120 kg/ha,3-5 cm,Sep 01-Oct 01 (winter),280-310,15-18 cm,Heritage variety; may lodge; harvest before overripe,GRIN/NPGS;Heritage Grain Conservancy,1900 Ukrainian landrace; parent of many modern winter wheats; historical significance,Historic bread wheat; 11-13% protein; moderate gluten; open crumb; interesting flavor,,250-300 s,76-80 kg/hl,Excellent heritage sourdough character; complex earthy-sweet flavor; rewards long cold ferments,bread;sourdough,Triticum aestivum,,,,,,,,,,,,
Hallfreda,130-150 kg/ha,3-4 cm,Sep 01-Sep 20 (winter),285-310,12-15 cm,Winter wheat; good for Nordic baking,Lantmannen;NordGen,Swedish winter wheat; named for Viking-age woman; good bread quality,Good milling wheat; 11-13% protein; approved for Swedish bread flour,,,78-82 kg/hl,Reliable sourdough wheat; clean mild flavor; pairs well with Swedish rye sour,bread;sourdough,Triticum aestivum,,,,,,,,,,,,
Elonkerjuu,100-130 kg/ha,2-3 cm,Aug 20-Sep 15 (winter),270-300,12-15 cm,Rye lodges easily; harvest promptly when grain darkens,Boreal;NordGen,The hardiest cultivated rye; Finnish breeding for zone 2; makes superb sourdough,,,,72-76 kg/hl,Premier sourdough rye; deep earthy sour flavor; ideal for Finnish ruisleipa and 100% rye breads,bread;sourdough,Secale cereale,,,,,,,,,,,,
Petkus,100-120 kg/ha,2-3 cm,Sep 01-Sep 25 (winter),275-305,15-18 cm,Classic rye; tall stems; harvest at full color,Heritage Grain Conservancy;NordGen,German population rye from 1880s; parent of modern hybrid ryes; excellent flavor,,,,72-76 kg/hl,The benchmark sourdough rye; full-bodied sour flavor; ideal for German Bauernbrot and Roggenbrot,bread;sourdough,Secale cereale,,,,,,,,,,,,
Imperial,100-130 kg/ha,2-3 cm,Sep 01-Sep 20 (winter),275-305,12-15 cm,Winter rye; good standability for rye,Lantmannen;NordGen,Swedish winter rye; reliable performer in zones 3-5,,,,72-76 kg/hl,Good all-purpose sourdough rye; mild balanced sour; suitable for Swedish limpa,bread;sourdough;forage,Secale cereale,,,,,,,,,,,,
Musketeer,110-130 kg/ha,2-3 cm,Sep 01-Sep 25 (winter),270-300,12-15 cm,Hybrid rye; higher yield; harvest when awns dry,Nordic Seed;commercial,Danish hybrid rye; higher yield than population ryes; good bread quality,,,,74-78 kg/hl,Acceptable sourdough rye but less complex than population varieties like Petkus or Danko,bread;feed,Secale cereale,,,,,,,,,,,,
Danko,100-120 kg/ha,2-3 cm,Sep 01-Oct 01 (winter),275-305,15-18 cm,Polish rye; classic bread type; moderate height,Heritage Grain Conservancy;GRIN/NPGS,Polish population rye; standard bread rye in Central Europe; rich flavor,,,,72-76 kg/hl,Superb sourdough rye; rich malty flavor; the rye of choice for Polish chleb zytni and Baltic dark breads,bread;sourdough,Secale cereale,distilling,medium,80-105,2-4,74-77,Polish rye; spicy distilling character,72-78,0.60-0.75,weak,63-68,,Standard rye milling; consistent flour quality
Chulpan,90-110 kg/ha,2-3 cm,Aug 25-Sep 15 (winter),270-300,12-15 cm,Short-strawed rye; good lodging resistance,NordGen;VIR,Russian winter rye; bred for Siberian conditions; extreme frost tolerance,,,,72-74 kg/hl,Excellent cold-climate sourdough rye; robust sour profile; traditional for Russian black bread,bread;sourdough,Secale cereale,,,,,,,,,,,,
Brage,140-160 kg/ha,3-4 cm,Apr 20-May 15 (spring),90-105,12-15 cm,Spring barley; harvest when awns brittle and grain hard,Graminor;Felleskjopet,Norwegian six-row spring barley; feed and food quality; good for home brewing,,Moderate malt quality; six-row; higher enzyme activity; good for home brew malt,,64-68 kg/hl,Mild nutty character in barley sourdough; good for porridge breads and Nordic barley flatbreads,malt;feed,Hordeum vulgare,,,,,,,,,,,,
Heder,140-160 kg/ha,3-4 cm,Apr 15-May 10 (spring),90-100,12-15 cm,Spring barley; clean harvest for malt quality,Boreal;NordGen,Finnish spring barley; malting quality; adapted to short northern season,,Good malting barley; moderate extract; Arctic-adapted; short season but acceptable malt,,64-68 kg/hl,Subtle malty sweetness in sourdough; good blended with rye for Scandinavian mixed-grain breads,malt;feed,Hordeum vulgare,,,,,,,,,,,,
Morex,130-150 kg/ha,3-5 cm,Mar 20-Apr 15 (spring),85-100,15-18 cm,Classic malting barley; harvest at low moisture,GRIN/NPGS;commercial,US malting barley standard; six-row; genome fully sequenced; research benchmark,,Reference malting barley; first full genome sequence; high diastatic power; benchmark extract,,64-68 kg/hl,Standard barley for sourdough experiments; mild clean flavor; genome reference makes it interesting for grain science bakers,malt;distilling,Hordeum vulgare,,,,,,,,,,,,
Rasmusson,130-150 kg/ha,3-5 cm,Mar 20-Apr 15 (spring),85-100,15-18 cm,Six-row malting; harvest when kernels polish clean,GRIN/NPGS;commercial,Minnesota-bred malting barley; excellent malt extract; craft brewing favorite,,Excellent craft malt; high extract; plump kernels; preferred by Upper Midwest craft maltsters,,64-68 kg/hl,Clean malty character in sourdough; popular with grain-to-glass-to-bread artisans,malt;distilling,Hordeum vulgare,,,,,,,,,,,,
Dicktoo,120-140 kg/ha,3-5 cm,Sep 15-Oct 10 (winter),250-280,15-18 cm,Winter barley; check winterhardiness in zone 3,GRIN/NPGS;NordGen,Winter barley for research; cold hardy for barley; genome sequenced,,Research barley; winter type; cold-hardy reference; genome sequenced for frost tolerance loci,,62-66 kg/hl,,feed,Hordeum vulgare,,,,,,,,,,,,
Ridabu,140-160 kg/ha,3-4 cm,May 01-May 20 (spring),90-105,12-15 cm,Spring oat; harvest when panicle hangs and grain firm,Graminor;NordGen,Norwegian spring oat; adapted to short northern season; good groat quality,,,,52-58 kg/hl,Oat sourdough is mild and creamy; good for Scottish-style oat barm breads,bread;dual-purpose,Avena sativa,,,,,,,,,,,,
Ringsaker,140-160 kg/ha,3-4 cm,May 01-May 20 (spring),90-105,12-15 cm,Spring oat; similar to Ridabu harvest timing,Graminor;NordGen,Norwegian spring oat; hull-less option; direct food use without dehulling,,,,52-58 kg/hl,Hull-less oat ideal for porridge sourdough; sweet creamy crumb in mixed-grain breads,bread;dual-purpose,Avena sativa,,,,,,,,,,,,
Niklas,140-160 kg/ha,3-4 cm,Apr 20-May 15 (spring),90-100,12-15 cm,Spring oat; harvest when grain rattles in hull,Boreal;NordGen,Finnish spring oat; good for porridge and baking; reliable in zone 3,,,,52-56 kg/hl,Good oat for sourdough porridge bread; Finnish tradition of oat-rye mixed breads,bread;dual-purpose,Avena sativa,,,,,,,,,,,,
Akseli,140-160 kg/ha,3-4 cm,Apr 25-May 15 (spring),90-105,12-15 cm,Spring oat; standard Nordic harvest timing,Boreal;NordGen,Finnish spring oat; bred for northern conditions; Akseli Gallen-Kallela namesake,,,,52-56 kg/hl,,feed;dual-purpose,Avena sativa,,,,,,,,,,,,
Belinda,140-160 kg/ha,3-4 cm,Apr 15-May 10 (spring),90-100,12-15 cm,Spring oat; good standability; clean harvest,NordGen;Lantmannen,Swedish spring oat; widely grown in Nordic countries; consistent performer,,,,52-58 kg/hl,Reliable oat for Scandinavian sourdough traditions; mild sweet flavor,bread;dual-purpose,Avena sativa,specialty,high,50-70,2-4,72-76,Oat malt; hull-less; smooth creamy character,,,,,,
Antonovka,1 tree per 5-8 m,graft union at soil level,Oct-Nov (dormant),3-5 years to first fruit,5-8 m between trees,Harvest late Sep-Oct; stores well in cold root cellar,NordGen;heritage nurseries,Legendary Russian apple rootstock and cooking apple; extreme cold hardy to zone 2; seedling rootstock standard,,,,,,fresh eating;juice/wine,Malus domestica,,,,,,,,,,,,
Marquette,1 vine per 2-3 m,graft or own-root; plant to 2nd bud,Apr-May (dormant),3 years to first crop,2-3 m in row; 3 m between rows,Harvest mid-Sep; Brix 24-26 typical; excellent red wine,University of Minnesota;cold-hardy nurseries,Minnesota hybrid wine grape; zone 3 hardy; parent is MN 1094; makes structured red wines,,,,,,juice/wine,Vitis hybrid,,,,,,,,,,,,
Tundra,1 plant per 1.5 m,crown at soil level,Oct-Nov or Mar-Apr,2-3 years to first crop,1.5 m in row; 3-4 m between rows,Harvest late Jun-early Jul; blue honeysuckle berry; hand pick,University of Saskatchewan;nurseries,Haskap (honeyberry); zone 2 hardy; flowers survive -7C; needs pollinator pair,,,,,,fresh eating,Lonicera caerulea,,,,,,,,,,,,
Tytti,1 plant per 1 m,crown at soil level,Oct-Nov or Mar-Apr,2-3 years to first crop,1 m in row; 3 m between rows,Harvest Jul-Aug; tart orange berry; high vitamin C,NordGen;Nordic nurseries,Sea buckthorn; zone 2 hardy; nitrogen fixer; thornless female cultivar; needs male pollinator,,,,,,juice/wine,Hippophae rhamnoides,,,,,,,,,,,,
Sussi,1 plant per 1.5 m,crown at soil level,Oct-Nov or Mar-Apr,2 years to first crop,1.5 m in row; 2-3 m between rows,Harvest Jul; black currant; machine or hand harvest,SLU Balsgard;Nordic nurseries,Swedish black currant; zone 3; high anthocyanins; bred at Balsgard station,,,,,,fresh eating;juice/wine,Ribes nigrum,,,,,,,,,,,,
Oberkulmer Rotkorn,120-150 kg/ha,3-5 cm,Sep 15-Oct 10 (winter),280-310,15-18 cm,Hulled grain; needs dehulling before milling; tall stems,Heritage Grain Conservancy;ProSpecieRara,Swiss heritage spelt from 1948; benchmark spelt variety; excellent flavor; tall and competitive,Excellent bread spelt; nutty sweet flavor; high protein 13-15%; extensible gluten; open crumb,,250-320 s,72-78 kg/hl,The gold standard sourdough spelt; rich nutty flavor; extensible dough rewards gentle handling,bread;sourdough,Triticum spelta,,,,,,,62-68,0.65-0.80,medium,56-60,granite burr; slow speed,Swiss heritage spelt; excellent stone mill flour; nutty aroma
Frankenkorn,120-150 kg/ha,3-5 cm,Sep 01-Oct 01 (winter),280-310,15-18 cm,Winter spelt; harvest when hulls golden; thresh gently,IPK Gatersleben;heritage sources,German heritage spelt; Franconia origin; good bread and pasta quality,Good bread spelt; similar to Oberkulmer; slightly lower protein; good pasta potential,,260-330 s,72-76 kg/hl,Excellent sourdough spelt; sweet and mellow; less sour than wheat ferments,bread;sourdough;pastry,Triticum spelta,,,,,,,,,,,,
Dala Lantvete,80-100 kg/ha,2-3 cm,Sep 01-Sep 20 (winter),280-310,12-15 cm,Heritage wheat; low input; may lodge; harvest at golden straw,NordGen;Allkorn,Swedish landrace wheat from Dalarna; adapted over centuries to Nordic conditions,Ancient landrace bread wheat; 10-12% protein; soft texture; complex flavor; best for hearth breads,,200-280 s,74-78 kg/hl,Outstanding heritage sourdough wheat; deep complex flavor that modern wheats lack; worth seeking out,bread;sourdough,Triticum aestivum,,,,,,,65-70,0.60-0.75,weak,55-58,natural sandstone; very slow,Heritage landrace; low extraction; excellent whole grain flour
Einkorn,60-80 kg/ha,2-3 cm,Apr 15-May 15 (spring) or Sep (winter),100-120 (spring) / 280-310 (winter),12-15 cm,Hulled grain; harvest early; very small kernels; needs dehulling,Heritage Grain Conservancy;GRIN/NPGS,First domesticated wheat (10000 BC); diploid; yellow flour rich in carotenoids; low yield but unique nutrition,Delicate bread; yellow crumb from carotenoids; 14-18% protein but weak gluten; best for flatbreads and pasta,,180-250 s,58-64 kg/hl,Beautiful golden sourdough with buttery flavor; weak gluten means flat loaves but incredible taste; blend with spelt for lift,bread;sourdough;pastry,Triticum monococcum,,,,,,,55-62,0.80-1.00,weak,48-52,natural sandstone; very slow,Ancient diploid wheat; very small grain; low yield flour; deep golden color
Emmer,80-100 kg/ha,3-4 cm,Sep 01-Oct 01 (winter) or Mar-Apr (spring),110-120 (spring) / 280-310 (winter),15-18 cm,Hulled grain; needs dehulling; tall stems; harvest before overripe,Heritage Grain Conservancy;GRIN/NPGS,Ancient tetraploid wheat; parent of durum; extremely disease resistant; low-input champion,Good pasta grain; moderate gluten; 12-14% protein; excellent for flatbreads and farro risotto,,200-280 s,68-74 kg/hl,Earthy nutty sourdough character; moderate gluten gives dense but flavorful crumb; traditional Middle Eastern flatbread grain,bread;sourdough;pastry,Triticum dicoccum,,,,,,,58-65,0.75-0.90,weak,50-55,natural sandstone; slow,Ancient tetraploid wheat; hulled; requires dehulling before milling
Glenn,120-150 kg/ha,3-5 cm,Apr 01-Apr 30 (spring),90-105,15-18 cm,Hard red spring wheat; harvest at low moisture; good test weight,NDSU Foundation Seed;commercial,North Dakota hard red spring wheat; high protein; excellent bread quality; Fusarium resistant,Premium bread wheat; 14-16% protein; strong gluten; excellent loaf volume; NDSU benchmark,,,80-84 kg/hl,Superb sourdough bread wheat; strong gluten handles long fermentation beautifully; clean wheaty flavor,bread;sourdough,Triticum aestivum,,,,,,,,,,,,
Jagger,100-130 kg/ha,3-5 cm,Sep 15-Oct 15 (winter),280-310,15-18 cm,Hard red winter wheat; harvest at 13% moisture; excellent milling,Kansas State Foundation Seed;commercial,Kansas hard red winter wheat; once the most planted US wheat variety; excellent milling,Outstanding bread wheat; 12-14% protein; excellent milling yield; strong gluten,,,80-84 kg/hl,Classic American sourdough wheat; reliable strong flavor; pairs well with any starter culture,bread;sourdough,Triticum aestivum,,,,,,,,,,,,
Kungs-Rye,90-110 kg/ha,2-3 cm,Sep 01-Sep 20 (winter),275-305,12-15 cm,Heritage rye; tall; may lodge in rich soil; harvest when grain darkens,NordGen;Allkorn,Swedish heritage rye; once the king's rye; grown in central Sweden for centuries,,,,72-76 kg/hl,Magnificent sourdough rye; complex sweet-sour profile; the rye Swedish limpa deserves,bread;sourdough,Secale cereale,,,,,,,70-76,0.65-0.80,weak,64-70,granite burr; medium speed,Swedish heritage rye; excellent for traditional rågbröd
Marquis,100-130 kg/ha,3-5 cm,Apr 01-May 01 (spring),100-115,15-18 cm,Heritage hard red spring wheat; harvest when straw golden; moderate yield,GRIN/NPGS;Heritage Grain Conservancy,The wheat that built the Canadian prairies (1909); parent of most modern spring wheats; bred by Charles Saunders,Historic bread wheat; 12-14% protein; good gluten; the wheat that proved Canada could grow world-class bread,,250-310 s,78-82 kg/hl,Beautiful heritage sourdough wheat; slightly sweeter than modern varieties; the original Canadian bread wheat,bread;sourdough,Triticum aestivum,,,,,,,,,,,,
Red Fife,100-120 kg/ha,3-5 cm,Apr 01-May 01 (spring),105-120,15-18 cm,Heritage spring wheat; tall; may lodge; harvest before rain,GRIN/NPGS;Heritage Grain Conservancy;Seed Savers Exchange,Canada's first great wheat (1842); parent of Marquis; Scottish origin; revived by heritage grain movement,Excellent heritage bread wheat; 12-14% protein; nutty complex flavor; the original Canadian wheat,,250-300 s,76-80 kg/hl,The sourdough baker's heritage wheat; deep complex nutty flavor; long cold fermentation brings out caramel notes,bread;sourdough,Triticum aestivum,,,,,,,,,,,,
Rouge de Bordeaux,100-130 kg/ha,3-5 cm,Oct 01-Nov 15 (winter),280-310,15-18 cm,Heritage French winter wheat; tall; harvest when ears droop; beautiful red kernels,Heritage Grain Conservancy;Association Kokopelli,19th century French bread wheat; fine pastry wheat; revived by French artisan bakers,Exceptional pastry and bread wheat; moderate protein 11-13%; extensible gluten; famous for flavor,,,76-80 kg/hl,Legendary French sourdough wheat; buttery and sweet with complex aromatics; the wheat of pain de campagne,bread;sourdough;pastry,Triticum aestivum,,,,,,,,,,,,
Turkey Red,100-130 kg/ha,3-5 cm,Sep 15-Oct 15 (winter),280-310,15-18 cm,Heritage hard red winter wheat; moderate yield; harvest at low moisture,GRIN/NPGS;Heritage Grain Conservancy;Kansas Wheat Alliance,Mennonite wheat brought from Ukraine to Kansas (1874); foundation of US Great Plains wheat industry,Historic bread wheat; 11-13% protein; the original Kansas wheat; excellent for hearth breads,,250-300 s,78-82 kg/hl,Rich heritage sourdough character; slightly sweet; the wheat that Carl Griffith's starter was likely raised on,bread;sourdough,Triticum aestivum,,,,,,,,,,,,
Ölandsvete,80-100 kg/ha,2-3 cm,Sep 01-Sep 20 (winter),280-310,12-15 cm,Heritage wheat; tall; low input; harvest at golden straw; may lodge,NordGen;Allkorn;Gotland Grain,Ancient Swedish landrace from Öland island; pre-industrial genetics; recently revived by heritage bakers,Delicate bread wheat; 10-12% protein; soft extensible gluten; best for hearth breads and flatbreads,,200-260 s,72-76 kg/hl,Superb heritage sourdough; delicate sweet flavor with floral notes; the taste of pre-industrial Sweden,bread;sourdough,Triticum aestivum,,,,,,,63-68,0.65-0.80,weak,52-56,natural sandstone; very slow,Ancient landrace; fragile grain; stone mill only
Julius,120-150 kg/ha,3-4 cm,Sep 15-Oct 10 (winter),280-310,12-15 cm,Modern winter wheat; good standability; harvest at 14% moisture,KWS;commercial,German/Nordic winter wheat; high yield; widely grown across Northern Europe,Good bread quality; reliable milling wheat,,,78-82 kg/hl,Standard sourdough wheat; clean neutral flavor,bread,Triticum aestivum,,,,,,,,,,,,
Stava,120-150 kg/ha,3-4 cm,Sep 01-Sep 25 (winter),280-310,12-15 cm,Swedish winter wheat; harvest at golden straw; reliable,Lantmannen;NordGen,Swedish winter wheat; industry quality,,,,,Serviceable bread wheat for blending,bread,Triticum aestivum,,,,,,,,,,,,
Skagen,120-150 kg/ha,3-4 cm,Sep 15-Oct 10 (winter),280-310,12-15 cm,Danish winter wheat; good standability; harvest at 14% moisture,Nordic Seed;NordGen,Wide adaptation across Scandinavia and Baltics,,,,,Standard bread wheat,bread,Triticum aestivum,,,,,,,,,,,,
Urho,110-130 kg/ha,3-4 cm,Aug 25-Sep 15 (winter),290-320,12-15 cm,Winter wheat; check winterhardiness carefully in exposed sites,Boreal;NordGen,Extreme winterhardiness; Finnish breeding parent,Moderate bread quality; suited for blending,,,,Mild sourdough wheat; blends well with rye in Finnish mixed-grain breads,bread;dual-purpose,Triticum aestivum,,,,,,,,,,,,
Brons,120-150 kg/ha,3-4 cm,Sep 01-Sep 25 (winter),280-310,12-15 cm,Industry quality winter wheat; good yield; reliable,Lantmannen;NordGen,Swedish winter wheat; industry quality,,,,,Serviceable bread wheat for blending,bread,Triticum aestivum,,,,,,,,,,,,
Ceylon,120-150 kg/ha,3-4 cm,Sep 01-Oct 01 (winter),280-310,12-15 cm,Widely adapted winter wheat; reliable across Nordic and Baltic regions,NordGen;commercial,Wide adaptation across Scandinavia and Baltics,,,,,Standard bread wheat,bread,Triticum aestivum,,,,,,,,,,,,
Mironovskaya 808,110-130 kg/ha,3-5 cm,Sep 01-Sep 25 (winter),280-310,15-18 cm,Very winter hardy; classic Soviet-era wheat; harvest when straw turns golden,GRIN/NPGS;VIR,Legendary Ukrainian winter wheat; extreme winterhardiness,Good bread quality; widely grown in Soviet Union for bread production,,,,Decent sourdough wheat; robust for continental cold climates,bread,Triticum aestivum,,,,,,,,,,,,
Puma,120-150 kg/ha,3-4 cm,Sep 01-Sep 25 (winter),280-310,12-15 cm,Swedish winter wheat; reliable bread quality; good standability,Lantmannen;NordGen,Swedish winter wheat; good bread quality,,,,,Standard sourdough wheat,bread,Triticum aestivum,,,,,,,,,,,,
Olivin,130-160 kg/ha,3-4 cm,Sep 15-Oct 10 (winter),280-310,12-15 cm,Short-strawed; good lodging resistance; southern Scandinavia,Lantmannen;NordGen,Short-strawed winter wheat for southern Scandinavia,,,,,Standard bread wheat,bread,Triticum aestivum,,,,,,,,,,,,
Fredrick,100-130 kg/ha,3-5 cm,Sep 01-Sep 25 (winter),280-310,15-18 cm,Winter wheat; adapted to prairie winters; harvest at 14% moisture,SeCan;GRIN/NPGS,Canadian winter wheat; adapted to prairie winters,,,,,Fair bread wheat for blending,bread,Triticum aestivum,,,,,,,,,,,,
CDC Buteo,100-130 kg/ha,3-5 cm,Sep 01-Sep 25 (winter),280-310,15-18 cm,Hard red winter wheat; good test weight; harvest at 14% moisture,SeCan;CDC,Canadian Western Red Winter wheat,Good bread quality; hard red winter class,,,,Reliable sourdough wheat for prairie bakers,bread,Triticum aestivum,,,,,,,,,,,,
Bezostaya 1,120-150 kg/ha,3-5 cm,Sep 01-Oct 01 (winter),280-310,15-18 cm,Legendary breeding parent; harvest when grain is hard and straw golden,GRIN/NPGS;VIR,Legendary Russian winter wheat; foundation of many modern cultivars,Excellent bread quality; 12-14% protein; important breeding parent worldwide,,,,Good sourdough wheat; historic importance in global wheat breeding,bread,Triticum aestivum,,,,,,,,,,,,
Moskovskaya 39,110-130 kg/ha,3-5 cm,Aug 25-Sep 20 (winter),280-310,15-18 cm,Cold-adapted winter wheat; Moscow-region breeding; harvest at golden straw,VIR;GRIN/NPGS,Russian winter wheat bred for Moscow region,Moderate bread quality,,,,Standard sourdough wheat; extreme cold adaptation,bread,Triticum aestivum,,,,,,,,,,,,
Pamyati Fedina,130-160 kg/ha,3-4 cm,Sep 01-Sep 25 (winter),280-310,12-15 cm,Semi-dwarf; good lodging resistance; modern winter wheat,VIR;GRIN/NPGS,Russian semi-dwarf winter wheat,,,,,Modern bread wheat with cold tolerance,bread,Triticum aestivum,,,,,,,,,,,,
Zdar,120-150 kg/ha,3-5 cm,Sep 15-Oct 10 (winter),280-310,12-15 cm,Central European winter wheat; widely tested in Nordic trials,GRIN/NPGS;NordGen,Czech winter wheat; widely tested in Nordic trials,Good bread quality,,,,Standard Central European sourdough wheat,bread,Triticum aestivum,,,,,,,,,,,,
Bamse,120-150 kg/ha,3-4 cm,Sep 01-Sep 25 (winter),280-310,12-15 cm,Strong straw; good lodging resistance; reliable yield,Lantmannen;NordGen,Swedish winter wheat; strong straw,,,,,Standard sourdough wheat,bread,Triticum aestivum,,,,,,,,,,,,
Runar,130-160 kg/ha,3-4 cm,Apr 20-May 15 (spring),95-110,12-15 cm,Spring wheat; harvest at golden straw; central and northern Norway,Graminor;NordGen,Norwegian spring wheat; grown in central/northern Norway,Moderate bread quality,,,,Clean mild sourdough wheat,bread,Triticum aestivum,,,,,,,,,,,,
Semu 509,120-150 kg/ha,3-4 cm,Sep 01-Sep 25 (winter),280-310,12-15 cm,Baltic winter wheat; adapted to Estonian conditions; reliable,NordGen;Jõgeva Plant Breeding,Estonian winter wheat for Baltic conditions,Moderate bread quality,,,,Standard sourdough wheat for Baltic climates,bread,Triticum aestivum,,,,,,,,,,,,
Fredrika,130-160 kg/ha,3-4 cm,Sep 01-Sep 25 (winter),280-310,12-15 cm,Modern winter wheat; high yield potential; good winter survival,Graminor;Felleskjopet,Recent Graminor release; high yield and winter survival,,,,,Modern bread wheat for Nordic conditions,bread,Triticum aestivum,,,,,,,,,,,,
Kelliher,100-130 kg/ha,3-5 cm,Sep 01-Sep 25 (winter),280-310,15-18 cm,Hard red winter wheat; prairie adapted; harvest at 14% moisture,SeCan;CDC,Canadian CWRW class; prairie adapted,Good bread quality; hard red winter,,,,Reliable prairie sourdough wheat,bread,Triticum aestivum,,,,,,,,,,,,
AC Hazlet,90-110 kg/ha,3-5 cm,Sep 01-Sep 20 (winter),280-310,15-18 cm,Extreme winterhardiness; bred for survival; drought tolerant,SeCan;GRIN/NPGS,Extreme winterhardiness; drought tolerant; Saskatchewan,Moderate bread quality; bred for survival above all,,,,Fair sourdough wheat; extreme hardiness over flavor,bread;dual-purpose,Triticum aestivum,,,,,,,,,,,,
Glasgow,130-160 kg/ha,3-4 cm,Oct 01-Nov 15 (winter),280-310,12-15 cm,Northern UK milling wheat; harvest at 15% moisture; good yield,commercial;AHDB Recommended List,Scottish milling wheat; northern UK,Good milling quality,,,,Standard sourdough wheat for maritime climates,bread,Triticum aestivum,,,,,,,,,,,,
Belenus,120-150 kg/ha,3-4 cm,Sep 15-Oct 10 (winter),280-310,12-15 cm,Northern European winter wheat; good bread quality; reliable,NordGen;commercial,Northern European winter wheat,Good bread quality,,,,Standard sourdough wheat,bread,Triticum aestivum,,,,,,,,,,,,
KWS Lili,140-170 kg/ha,3-4 cm,Oct 01-Nov 15 (winter),280-310,12-15 cm,High yield feed wheat; harvest for grain volume not quality,KWS;commercial,High yield feed wheat; northern UK,Feed quality primarily,,,,Not ideal for sourdough; feed-type wheat,feed,Triticum aestivum,,,,,,,,,,,,
Vísir,120-150 kg/ha,3-4 cm,May 10-Jun 01 (spring),85-100,12-15 cm,Short-season spring wheat; harvest promptly; Icelandic conditions,Icelandic Agricultural University;NordGen,Icelandic spring wheat; experimental cultivation,Limited bread data,,,,Experimental sourdough wheat; short-season Icelandic type,bread,Triticum aestivum,,,,,,,,,,,,
Borlaug 100,130-160 kg/ha,3-5 cm,Apr 01-May 01 (spring),90-110,15-18 cm,High-yield spring wheat; semi-dwarf; harvest at 13% moisture,CIMMYT;commercial,Green Revolution tribute variety; high yield potential,Modern high-yield bread wheat; Norman Borlaug legacy,,,,Clean neutral sourdough wheat; modern genetics,bread,Triticum aestivum,,,,,,,,,,,,
Norin 10,130-160 kg/ha,3-4 cm,Oct 01-Nov 15 (winter),280-310,12-15 cm,Semi-dwarf; Green Revolution parent; primarily historical and research,GRIN/NPGS;NARO Japan,Semi-dwarf Japanese wheat; foundation of Green Revolution,Historic breeding parent; semi-dwarf gene source; moderate bread quality,,,,Historically significant in sourdough context; parent of modern short wheats,bread,Triticum aestivum,,,,,,,,,,,,
Purple Straw,90-110 kg/ha,3-5 cm,Sep 15-Oct 15 (winter),280-310,15-18 cm,Heritage soft wheat; may lodge; harvest before overripe; low yields,Heritage Grain Conservancy;GRIN/NPGS;Seed Savers Exchange,Heritage soft wheat; pre-industrial American variety,Soft wheat; 9-11% protein; best for pastry and biscuits; not strong bread flour,,,,Delicate sourdough with subtle sweetness; soft wheat character,pastry;bread,Triticum aestivum,,,,,,,,,,,,
Sonora,90-110 kg/ha,3-5 cm,Feb 15-Mar 30 (spring) or Oct-Nov (mild winter),100-120,15-18 cm,Heritage soft wheat; tall; harvest early; grows well in dry conditions,Heritage Grain Conservancy;GRIN/NPGS;Seed Savers Exchange,Heritage soft white wheat; California Gold Rush era,Soft wheat; 9-11% protein; excellent tortillas and pastry; Mission wheat,,,,Mild sweet sourdough; soft crumb; Mission-era California wheat,pastry;bread,Triticum aestivum,,,,,,,,,,,,
Yecora Rojo,130-160 kg/ha,3-5 cm,Mar 01-Apr 15 (spring),85-100,15-18 cm,Short-season semi-dwarf; drought tolerant; harvest at 13% moisture,GRIN/NPGS;commercial,Semi-dwarf hard red spring wheat; drought tolerant,Good bread quality; 12-14% protein; adapted to dry conditions,,,,Standard sourdough wheat; clean neutral flavor,bread,Triticum aestivum,,,,,,,,,,,,
Kamut,80-100 kg/ha,3-5 cm,Apr 01-May 01 (spring),100-120,15-18 cm,Large kernels; harvest at 12-13% moisture; impressive tall plants,Kamut International;Heritage Grain Conservancy,Ancient khorasan wheat; large kernels; nutty flavor,Good bread and pasta grain; 12-15% protein; extensible gluten; rich buttery flavor,,,,Distinctive sourdough grain; buttery nutty flavor; large golden kernels,bread;sourdough;pastry,Triticum turgidum ssp. turanicum,,,,,,,,,,,,
Freekeh,100-130 kg/ha,3-4 cm,Apr 01-May 01 (spring) or Oct-Nov (winter),80-90 (harvested green at milk stage),15-18 cm,Harvest green at milk stage; roast over open fire; unique smoke-curing process,heritage sources;Middle Eastern seed banks,Smoked green wheat; harvested young and roasted,Not a bread grain; used as whole grain in pilafs and soups; smoky flavor,,,,Not suited for sourdough; used as whole grain side dish,dual-purpose,Triticum turgidum,,,,,,,,,,,,
Spelt,120-150 kg/ha,3-5 cm,Sep 15-Oct 10 (winter) or Mar-Apr (spring),280-310 (winter) / 100-120 (spring),15-18 cm,Hulled grain; needs dehulling before milling; tall stems,Heritage Grain Conservancy;ProSpecieRara;GRIN/NPGS,General spelt entry; see Oberkulmer Rotkorn and Frankenkorn for specifics,Good bread grain; 12-15% protein; extensible gluten; nutty flavor,,,,Excellent sourdough spelt; sweet mellow character; gentle handling needed,bread;sourdough,Triticum spelta,,,,,,,,,,,,
Onohoiskaya,90-110 kg/ha,2-3 cm,Aug 15-Sep 10 (winter),270-300,12-15 cm,Very hardy rye; harvest when grain darkens and awns dry; Siberian type,VIR;NordGen,Siberian winter rye; extreme cold tolerance,,,,,Robust cold-climate rye; suitable for dense dark breads,bread;feed,Secale cereale,,,,,,,,,,,,
Saratovskaya 5,90-110 kg/ha,2-3 cm,Aug 20-Sep 15 (winter),270-300,12-15 cm,Drought-adapted rye; harvest promptly when ripe; Volga region,VIR;GRIN/NPGS,Volga region rye; drought and cold hardy,,,,,Dual-purpose rye; grain and forage,bread;feed;forage,Secale cereale,,,,,,,,,,,,
Viatka 2,90-110 kg/ha,2-3 cm,Aug 15-Sep 10 (winter),270-300,12-15 cm,One of hardiest ryes; harvest when grain darkens; tall stems,VIR;GRIN/NPGS,Northern Russian rye; one of hardiest cultivars,,,,,Traditional Russian sourdough rye; extreme cold tolerance,bread;sourdough,Secale cereale,,,,,,,,,,,,
Tiril,140-160 kg/ha,3-4 cm,Apr 25-May 15 (spring),85-100,12-15 cm,Six-row spring barley; harvest when awns brittle and grain hard,Graminor;NordGen,Norwegian six-row barley,,,,,Standard feed/food barley,feed;malt,Hordeum vulgare,base,medium,100-130,1.5-2.5,79-82,Nordic craft malt; clean pale malt character,,,,,,
Otello,120-140 kg/ha,3-5 cm,Sep 01-Sep 25 (winter),250-280,15-18 cm,Winter barley; rare for Norway; check winterhardiness; harvest when dry,Graminor;NordGen,Norwegian winter barley; rare for Scandinavia,,Moderate malt potential; winter type,,,,feed;malt,Hordeum vulgare,,,,,,,,,,,,
Skálinn,130-150 kg/ha,3-4 cm,May 15-Jun 05 (spring),60-75,12-15 cm,Ultra-short season; harvest promptly at maturity; 65N latitude,Icelandic Agricultural University;NordGen,Icelandic barley; 60-70 day season at 65N,,,,,Short-season feed barley,feed,Hordeum vulgare,,,,,,,,,,,,
Hrafn,130-150 kg/ha,3-4 cm,May 15-Jun 05 (spring),60-75,12-15 cm,Very early maturity; adapted to extreme photoperiod; harvest promptly,Icelandic Agricultural University;NordGen,Icelandic barley; very early maturity,,,,,Icelandic feed barley,feed,Hordeum vulgare,,,,,,,,,,,,
Magni,130-150 kg/ha,3-4 cm,May 15-Jun 05 (spring),65-80,12-15 cm,Malting barley; harvest at low moisture for malt quality; extreme latitude,Icelandic Agricultural University;NordGen,Icelandic malting barley; long photoperiod,,Moderate malt quality; extreme latitude adapted,,,,malt,Hordeum vulgare,,,,,,,,,,,,
Bjarni,130-150 kg/ha,3-4 cm,May 15-Jun 05 (spring),60-75,12-15 cm,Feed barley; one of oldest current Icelandic cultivars; harvest at maturity,Icelandic Agricultural University;NordGen,Icelandic feed barley; one of oldest current cultivars,,,,,Feed barley,feed,Hordeum vulgare,,,,,,,,,,,,
Lieksa,140-160 kg/ha,3-4 cm,May 10-May 30 (spring),75-90,12-15 cm,Arctic barley; adapted to extreme northern Finland; harvest promptly,Boreal;NordGen,Finnish extreme northern barley,,,,,Arctic feed barley,feed,Hordeum vulgare,,,,,,,,,,,,
Kustaa,140-160 kg/ha,3-4 cm,May 05-May 25 (spring),80-95,12-15 cm,Continental barley; reliable in harsh Finnish conditions; harvest at maturity,Boreal;NordGen,Finnish barley for harsh continental conditions,,,,,Northern feed barley,feed,Hordeum vulgare,,,,,,,,,,,,
Nure,120-140 kg/ha,3-5 cm,Oct 01-Nov 01 (winter),240-270,15-18 cm,Winter barley; research reference; Nure x Tremois is reference mapping population,IPK Gatersleben;GRIN/NPGS,Italian-bred winter barley; research reference,,Research barley; Nure x Tremois is reference mapping population for Fr-H loci,,,,feed,Hordeum vulgare,,,,,,,,,,,,
Optic,140-160 kg/ha,3-4 cm,Mar 15-Apr 15 (spring),85-100,12-15 cm,Malting barley; harvest at low moisture for malt quality; UK benchmark,Syngenta;AHDB Recommended List,Scottish malting barley; reference cultivar,,Good malting barley; UK benchmark for malt quality,,,,malt,Hordeum vulgare,,,,,,,,,,,,
Priekuli 481,140-160 kg/ha,3-4 cm,Apr 20-May 15 (spring),85-100,12-15 cm,Baltic spring barley; widely grown across Baltics; reliable performer,NordGen;Priekuli Plant Breeding,Latvian spring barley; grown across Baltics,,,,,Feed barley for Baltic climates,feed,Hordeum vulgare,,,,,,,,,,,,
Auksiniai 3,140-160 kg/ha,3-4 cm,Apr 15-May 10 (spring),85-100,12-15 cm,Malting barley; Baltic maritime adapted; harvest at low moisture,NordGen;Lithuanian Institute of Agriculture,Lithuanian malting barley; Baltic adapted,,Moderate malt quality; Baltic maritime climate,,,,malt,Hordeum vulgare,,,,,,,,,,,,
Ada,140-160 kg/ha,3-4 cm,Apr 20-May 15 (spring),90-105,12-15 cm,Spring oat; harvest when panicle droops and grain firm; Baltic adapted,NordGen;Jõgeva Plant Breeding,Estonian spring oat; widely grown in Baltics,,,,,Standard feed/food oat,feed;dual-purpose,Avena sativa,,,,,,,,,,,,
Blessi,130-150 kg/ha,3-4 cm,May 15-Jun 05 (spring),75-90,12-15 cm,Very short season oat; Icelandic conditions; harvest promptly at maturity,Icelandic Agricultural University;NordGen,Icelandic oat; very short growing season,,,,,Icelandic feed oat,feed,Avena sativa,,,,,,,,,,,,
SW Ingeborg,140-160 kg/ha,3-4 cm,Apr 15-May 10 (spring),90-105,12-15 cm,Standard Nordic spring oat; reliable performer; good yield,Lantmannen;NordGen,Swedish spring oat; adapted to Nordic season,,,,,Standard food/feed oat,feed;dual-purpose,Avena sativa,,,,,,,,,,,,
Ivory,140-160 kg/ha,3-4 cm,Apr 15-May 10 (spring),90-100,12-15 cm,White oat; good milling quality; harvest when hulls change color,Lantmannen;NordGen,Swedish white oat; good milling quality,,,,,Food-quality oat; good for porridge,dual-purpose,Avena sativa,,,,,,,,,,,,
Cosinus,120-150 kg/ha,3-4 cm,Sep 10-Oct 05 (winter),275-305,12-15 cm,Winter triticale; among hardiest; harvest when grain hard and dry,Polish Plant Breeding;NordGen,Polish winter triticale; among hardiest,,,,,Feed/forage triticale,feed;forage,x Triticosecale,,,,,,,,,,,,
Szala,120-150 kg/ha,3-4 cm,Sep 10-Oct 05 (winter),275-305,12-15 cm,Dual-purpose triticale; can graze in fall or harvest for grain,Polish Plant Breeding;NordGen,Polish winter triticale; forage and grain,,,,,Feed/forage triticale,feed;forage,x Triticosecale,,,,,,,,,,,,
Aroma,1 tree per 4-6 m,graft union at soil level,Oct-Nov (dormant),3-5 years to first fruit,4-6 m between trees,Harvest Sep-Oct; aromatic dessert apple; eat fresh; moderate storage,SLU Balsgard;Nordic nurseries,Sweden's most popular apple; aromatic dessert fruit,,,,,,fresh eating,Malus domestica,,,,,,,,,,,,
Katja,1 tree per 4-6 m,graft union at soil level,Oct-Nov (dormant),3-5 years to first fruit,4-6 m between trees,Harvest early Sep; eat fresh; sweet-tart; does not store long,SLU Balsgard;Nordic nurseries,Balsgard apple; dessert quality,,,,,,fresh eating,Malus domestica,,,,,,,,,,,,
Frida,1 tree per 4-6 m,graft union at soil level,Oct-Nov (dormant),3-5 years to first fruit,4-6 m between trees,Harvest mid-Sep; cold hardy; good for zone 3; crisp sweet,SLU Balsgard;Nordic nurseries,Balsgard apple; cold hardy,,,,,,fresh eating,Malus domestica,,,,,,,,,,,,
Kim,1 tree per 4-6 m,graft union at soil level,Oct-Nov (dormant),3-5 years to first fruit,4-6 m between trees,Harvest mid-Sep; cold hardy; compact tree; sweet,SLU Balsgard;Nordic nurseries,Balsgard apple; cold hardy,,,,,,fresh eating,Malus domestica,,,,,,,,,,,,
Fredrik,1 tree per 4-6 m,graft union at soil level,Oct-Nov (dormant),3-5 years to first fruit,4-6 m between trees,Harvest Oct; excellent storage to April; scab resistant,SLU Balsgard;Nordic nurseries,Balsgard apple; scab resistant; stores to April,,,,,,fresh eating,Malus domestica,,,,,,,,,,,,
Honeycrisp,1 tree per 4-6 m,graft union at soil level,Oct-Nov (dormant),3-5 years to first fruit,4-6 m between trees,Harvest mid-Sep; explosive crunch; eat fresh; stores well,University of Minnesota;cold-hardy nurseries,Most commercially successful cold-hardy apple,,,,,,fresh eating,Malus domestica,,,,,,,,,,,,
Haralson,1 tree per 5-8 m,graft union at soil level,Oct-Nov (dormant),3-5 years to first fruit,5-8 m between trees,Harvest Oct; tart; excellent long storage and baking quality,University of Minnesota;cold-hardy nurseries,Heritage Minnesota apple; tart; long storage,,,,,,fresh eating;juice/wine,Malus domestica,,,,,,,,,,,,
Zestar!,1 tree per 4-6 m,graft union at soil level,Oct-Nov (dormant),3-5 years to first fruit,4-6 m between trees,Harvest mid-Aug; earliest season; eat fresh; does not store long,University of Minnesota;cold-hardy nurseries,Early-season crisp Minnesota apple,,,,,,fresh eating,Malus domestica,,,,,,,,,,,,
Parkland,1 tree per 4-6 m,graft union at soil level,Oct-Nov (dormant),3-5 years to first fruit,4-6 m between trees,Harvest late Aug-Sep; zone 2-3 hardy; medium fruit; eat fresh,Agriculture Canada;cold-hardy nurseries,Prairie apple; zone 2-3 hardy,,,,,,fresh eating,Malus domestica,,,,,,,,,,,,
Goodland,1 tree per 4-6 m,graft union at soil level,Oct-Nov (dormant),3-5 years to first fruit,4-6 m between trees,Harvest mid-Sep; zone 3 reliable; sweet-tart dessert apple,Agriculture Canada;cold-hardy nurseries,Canadian prairie apple; zone 3 reliable,,,,,,fresh eating,Malus domestica,,,,,,,,,,,,
Frontenac,1 vine per 2-3 m,graft or own-root; plant to 2nd bud,Apr-May (dormant),3 years to first crop,2-3 m in row; 3 m between rows,Harvest late Sep-early Oct; high acid; structured red wine; vigorous,University of Minnesota;cold-hardy nurseries,Red wine grape; survives -34C; vigorous,,,,,,juice/wine,Vitis hybrid,,,,,,,,,,,,
Frontenac Gris,1 vine per 2-3 m,graft or own-root; plant to 2nd bud,Apr-May (dormant),3 years to first crop,2-3 m in row; 3 m between rows,Harvest late Sep; grey-skinned Frontenac mutation; white or rosé wine,University of Minnesota;cold-hardy nurseries,Grey-skinned Frontenac mutation; white wine,,,,,,juice/wine,Vitis hybrid,,,,,,,,,,,,
La Crescent,1 vine per 2-3 m,graft or own-root; plant to 2nd bud,Apr-May (dormant),3 years to first crop,2-3 m in row; 3 m between rows,Harvest mid-Sep; Brix 24-26; apricot and citrus notes; aromatic white wine,University of Minnesota;cold-hardy nurseries,White wine grape; apricot notes; zone 4,,,,,,juice/wine,Vitis hybrid,,,,,,,,,,,,
Itasca,1 vine per 2-3 m,graft or own-root; plant to 2nd bud,Apr-May (dormant),3 years to first crop,2-3 m in row; 3 m between rows,Harvest mid-Sep; newest U Minnesota release; crisp fresh white wine,University of Minnesota;cold-hardy nurseries,Newest U Minnesota white wine grape,,,,,,juice/wine,Vitis hybrid,,,,,,,,,,,,
Brianna,1 vine per 2-3 m,graft or own-root; plant to 2nd bud,Apr-May (dormant),3 years to first crop,2-3 m in row; 3 m between rows,Harvest early Sep; pineapple-citrus aroma; tropical-styled white wine,Elmer Swenson;cold-hardy nurseries,White wine grape; pineapple aroma; zone 4,,,,,,juice/wine,Vitis hybrid,,,,,,,,,,,,
Louise Swenson,1 vine per 2-3 m,graft or own-root; plant to 2nd bud,Apr-May (dormant),3 years to first crop,2-3 m in row; 3 m between rows,Harvest mid-Sep; honey-melon aroma; delicate white wine; zone 3,Elmer Swenson;cold-hardy nurseries,White wine grape; honey-melon; zone 3,,,,,,juice/wine,Vitis hybrid,,,,,,,,,,,,
St. Croix,1 vine per 2-3 m,graft or own-root; plant to 2nd bud,Apr-May (dormant),3 years to first crop,2-3 m in row; 3 m between rows,Harvest mid-Sep; Beaujolais-style light red; early ripening; zone 3,Elmer Swenson;cold-hardy nurseries,Red wine grape; Beaujolais-style; zone 3,,,,,,juice/wine,Vitis hybrid,,,,,,,,,,,,
Valiant,1 vine per 2-3 m,own-root; plant to 2nd bud,Apr-May (dormant),3 years to first crop,2-3 m in row; 3 m between rows,Harvest early Sep; Concord-type; excellent for juice and jelly; vigorous,South Dakota State;cold-hardy nurseries,Extremely hardy grape; Concord-type; zone 2,,,,,,juice/wine;fresh eating,Vitis hybrid,,,,,,,,,,,,
Hasansky Sladky,1 vine per 2-3 m,own-root; plant to 2nd bud,Apr-May (dormant),3 years to first crop,2-3 m in row; 3 m between rows,Harvest early Sep; extremely cold hardy; small sweet berries; Amur hybrid,Russian Far East origins;specialty nurseries,Russian grape; tolerates -35 to -40C,,,,,,fresh eating;juice/wine,Vitis amurensis hybrid,,,,,,,,,,,,
Somerset Seedless,1 vine per 2-3 m,own-root; plant to 2nd bud,Apr-May (dormant),3 years to first crop,2-3 m in row; 3 m between rows,Harvest mid-Sep; rare seedless for cold climates; sweet pink table grape,Elmer Swenson;cold-hardy nurseries,One of few seedless grapes for cold climates,,,,,,fresh eating,Vitis hybrid,,,,,,,,,,,,
Mars,1 vine per 2-3 m,own-root; plant to 2nd bud,Apr-May (dormant),3 years to first crop,2-3 m in row; 3 m between rows,Harvest late Sep; seedless Concord-like; blue table grape; zone 5,University of Arkansas;commercial nurseries,Seedless blue grape; Concord-like; zone 5,,,,,,fresh eating,Vitis hybrid,,,,,,,,,,,,
Rondo,1 vine per 2 m,graft or own-root; plant to 2nd bud,Apr-May (dormant),3 years to first crop,2 m in row; 2.5-3 m between rows,Harvest late Sep-Oct; deep red wine; good for cool maritime climates,Geisenheim;European nurseries,Northern viticulture red wine grape,,,,,,juice/wine,Vitis hybrid,,,,,,,,,,,,
Solaris,1 vine per 2 m,graft or own-root; plant to 2nd bud,Apr-May (dormant),3 years to first crop,2 m in row; 2.5-3 m between rows,Harvest Sep; high Brix; aromatic white wine; early ripening for north,Freiburg;European nurseries,Northern viticulture white wine grape,,,,,,juice/wine,Vitis hybrid,,,,,,,,,,,,
Zilga,1 vine per 2-3 m,own-root; plant to 2nd bud,Apr-May (dormant),3 years to first crop,2-3 m in row; 3 m between rows,Harvest late Aug-early Sep; earliest ripening; table or wine grape,Latvian breeding;Baltic nurseries,Latvian hybrid; earliest ripening; zone 3-4,,,,,,juice/wine;fresh eating,Vitis hybrid,,,,,,,,,,,,
Aurora,1 plant per 1.5 m,crown at soil level,Oct-Nov or Mar-Apr,2-3 years to first crop,1.5 m in row; 3-4 m between rows,Harvest late Jun-early Jul; blue honeysuckle berry; hand pick; zone 2,University of Saskatchewan;cold-hardy nurseries,USask haskap; zone 2 hardy,,,,,,fresh eating,Lonicera caerulea,,,,,,,,,,,,
Borealis,1 plant per 1.5 m,crown at soil level,Oct-Nov or Mar-Apr,2-3 years to first crop,1.5 m in row; 3-4 m between rows,Harvest late Jun-early Jul; excellent sweet flavor; hand pick; zone 2,University of Saskatchewan;cold-hardy nurseries,USask haskap; zone 2; excellent flavor,,,,,,fresh eating,Lonicera caerulea,,,,,,,,,,,,
Boreal Beauty,1 plant per 1.5 m,crown at soil level,Oct-Nov or Mar-Apr,2-3 years to first crop,1.5 m in row; 3-4 m between rows,Harvest late Jun-early Jul; large berries; excellent fresh eating,University of Saskatchewan;cold-hardy nurseries,Latest Boreal series haskap; large berries,,,,,,fresh eating,Lonicera caerulea,,,,,,,,,,,,
Boreal Beast,1 plant per 1.5 m,crown at soil level,Oct-Nov or Mar-Apr,2-3 years to first crop,1.5 m in row; 3-4 m between rows,Harvest late Jun-early Jul; pollinator for Boreal series; good flavor,University of Saskatchewan;cold-hardy nurseries,Boreal series pollinator; excellent flavor,,,,,,fresh eating,Lonicera caerulea,,,,,,,,,,,,
Boreal Blizzard,1 plant per 1.5 m,crown at soil level,Oct-Nov or Mar-Apr,2-3 years to first crop,1.5 m in row; 3-4 m between rows,Harvest late Jun-early Jul; very large berries; latest Boreal release,University of Saskatchewan;cold-hardy nurseries,Boreal series; very large berries,,,,,,fresh eating,Lonicera caerulea,,,,,,,,,,,,
Indigo Gem,1 plant per 1.5 m,crown at soil level,Oct-Nov or Mar-Apr,2-3 years to first crop,1.5 m in row; 3-4 m between rows,Harvest late Jun-early Jul; most productive of Indigo series; mild flavor,University of Saskatchewan;cold-hardy nurseries,Most productive Indigo series haskap,,,,,,fresh eating,Lonicera caerulea,,,,,,,,,,,,
Honey Bee,1 plant per 1.5 m,crown at soil level,Oct-Nov or Mar-Apr,2-3 years to first crop,1.5 m in row; 3-4 m between rows,Harvest late Jun-early Jul; pollinator for Boreal and Indigo series,University of Saskatchewan;cold-hardy nurseries,Pollinator for Boreal and Indigo series,,,,,,fresh eating,Lonicera caerulea,,,,,,,,,,,,
Cinderella,1 plant per 1.5 m,crown at soil level,Oct-Nov or Mar-Apr,2-3 years to first crop,1.5 m in row; 3-4 m between rows,Harvest late Jun-early Jul; earlier generation haskap; reliable performer,University of Saskatchewan;cold-hardy nurseries,Earlier generation USask haskap,,,,,,fresh eating,Lonicera caerulea,,,,,,,,,,,,
Keiko,1 plant per 1.2 m,crown at soil level,Oct-Nov or Mar-Apr,2-3 years to first crop,1.2 m in row; 3 m between rows,Harvest late Jun; compact Japanese-Russian hybrid; sweet mild flavor,Japanese breeding;specialty nurseries,Compact Japanese-Russian haskap hybrid,,,,,,fresh eating,Lonicera caerulea,,,,,,,,,,,,
Strawberry Sensation,1 plant per 1.5 m,crown at soil level,Oct-Nov or Mar-Apr,2-3 years to first crop,1.5 m in row; 3-4 m between rows,Harvest late Jun-early Jul; newest USask release; strawberry-like flavor,University of Saskatchewan;cold-hardy nurseries,Newest USask haskap; strawberry flavor,,,,,,fresh eating,Lonicera caerulea,,,,,,,,,,,,
Berry Smart Blue,1 plant per 1.5 m,crown at soil level,Oct-Nov or Mar-Apr,2-3 years to first crop,1.5 m in row; 3-4 m between rows,Harvest late Jun; PNW-adapted haskap; hand pick; mild climate suited,Oregon State University;PNW nurseries,Oregon State PNW-adapted haskap,,,,,,fresh eating,Lonicera caerulea,,,,,,,,,,,,
Berry Blue,1 plant per 1.5 m,crown at soil level,Oct-Nov or Mar-Apr,2-3 years to first crop,1.5 m in row; 3-4 m between rows,Harvest late Jun; large sweet PNW haskap; hand pick,Oregon State University;PNW nurseries,Oregon State PNW haskap; large sweet,,,,,,fresh eating,Lonicera caerulea,,,,,,,,,,,,
Taka,1 plant per 1.2 m,crown at soil level,Oct-Nov or Mar-Apr,2-3 years to first crop,1.2 m in row; 3 m between rows,Harvest mid-Jun; early and sweet; Japanese cultivar; hand pick,Japanese breeding;specialty nurseries,Japanese haskap; early and sweet,,,,,,fresh eating,Lonicera caerulea,,,,,,,,,,,,
Yubari,1 plant per 1.2 m,crown at soil level,Oct-Nov or Mar-Apr,2-3 years to first crop,1.2 m in row; 3 m between rows,Harvest mid-Jun; premium large berries; Japanese cultivar; hand pick,Japanese breeding;specialty nurseries,Premium Japanese haskap; large berry,,,,,,fresh eating,Lonicera caerulea,,,,,,,,,,,,
Terhi,1 plant per 1 m,crown at soil level,Oct-Nov or Mar-Apr,2-3 years to first crop,1 m in row; 3 m between rows,Harvest Jul-Aug; thornless; easier harvest than wild types; needs male pollinator,MTT Finland;Nordic nurseries,Finnish sea buckthorn; thornless,,,,,,juice/wine,Hippophae rhamnoides,,,,,,,,,,,,
Tarmo,1 plant per 1 m,crown at soil level,Oct-Nov or Mar-Apr,2-3 years to first crop,1 m in row; 3 m between rows,Harvest Jul-Aug; cold hardy; thorny; needs male pollinator,MTT Finland;Nordic nurseries,Finnish sea buckthorn; cold hardy,,,,,,juice/wine,Hippophae rhamnoides,,,,,,,,,,,,
Longjiang 4,1 plant per 1 m,crown at soil level,Oct-Nov or Mar-Apr,2-3 years to first crop,1 m in row; 3 m between rows,Harvest Aug-Sep; large fruit; high oil content; Chinese cultivar,Chinese Academy;specialty nurseries,Chinese sea buckthorn; large fruit; high oil,,,,,,juice/wine,Hippophae rhamnoides,,,,,,,,,,,,
Prozrachnaya,1 plant per 1 m,crown at soil level,Oct-Nov or Mar-Apr,2-3 years to first crop,1 m in row; 3 m between rows,Harvest Aug; Altai selection; translucent amber berries; needs male pollinator,Altai Horticulture Institute;specialty nurseries,Russian sea buckthorn; Altai selection,,,,,,juice/wine,Hippophae rhamnoides,,,,,,,,,,,,
Sanna,4-6 plants per m²,crown at soil level; acidic soil required,Oct-Nov or Mar-Apr,2-3 years to full crop,30-40 cm in row; 30-40 cm between rows,Harvest Aug-Sep; erect form suits mechanical harvest; two crops in good years,SLU Balsgard;Nordic nurseries,Swedish lingonberry; erect; mechanical harvest,,,,,,fresh eating,Vaccinium vitis-idaea,,,,,,,,,,,,
Ida,4-6 plants per m²,crown at soil level; acidic soil required,Oct-Nov or Mar-Apr,2-3 years to full crop,30-40 cm in row; 30-40 cm between rows,Harvest Aug-Sep; largest berries of Swedish cultivars; hand harvest,SLU Balsgard;Nordic nurseries,Swedish lingonberry; largest berries,,,,,,fresh eating,Vaccinium vitis-idaea,,,,,,,,,,,,
Linnea,4-6 plants per m²,crown at soil level; acidic soil required,Oct-Nov or Mar-Apr,2-3 years to full crop,30-40 cm in row; 30-40 cm between rows,Harvest Aug-Sep; productive; reliable annual crop,SLU Balsgard;Nordic nurseries,Swedish lingonberry; productive,,,,,,fresh eating,Vaccinium vitis-idaea,,,,,,,,,,,,
Koralle,4-6 plants per m²,crown at soil level; acidic soil required,Oct-Nov or Mar-Apr,2-3 years to full crop,30-40 cm in row; 30-40 cm between rows,Harvest Aug-Sep; earliest cultivated lingonberry; compact habit,German nurseries;commercial,German lingonberry; early domestication,,,,,,fresh eating,Vaccinium vitis-idaea,,,,,,,,,,,,
Jokioinen,4-6 plants per m²,crown at soil level; acidic soil required,Oct-Nov or Mar-Apr,2-3 years to full crop,30-40 cm in row; 30-40 cm between rows,Harvest Aug-Sep; large berries; Finnish selection,MTT Finland;Nordic nurseries,Finnish lingonberry; large berry,,,,,,fresh eating,Vaccinium vitis-idaea,,,,,,,,,,,,
Red Pearl,4-6 plants per m²,crown at soil level; acidic soil required,Oct-Nov or Mar-Apr,2-3 years to full crop,30-40 cm in row; 30-40 cm between rows,Harvest Aug-Sep; ornamental groundcover; productive,Dutch nurseries;commercial,Dutch lingonberry; ornamental and productive,,,,,,fresh eating,Vaccinium vitis-idaea,,,,,,,,,,,,
Mespi,4-6 plants per m²,rhizome 3-5 cm deep,Oct-Nov or Mar-Apr,2 years to first crop,30-40 cm in row; 60-80 cm between rows,Harvest Jul-Aug; exceptional aroma but low yields; hand pick only,MTT Finland;Arctic plant nurseries,Arctic bramble; exceptional aroma; low yields,,,,,,fresh eating,Rubus arcticus,,,,,,,,,,,,
Pima,4-6 plants per m²,rhizome 3-5 cm deep,Oct-Nov or Mar-Apr,2 years to first crop,30-40 cm in row; 60-80 cm between rows,Harvest Jul-Aug; exceptional aroma; Finnish cultivar; hand pick only,MTT Finland;Arctic plant nurseries,Arctic bramble; exceptional aroma,,,,,,fresh eating,Rubus arcticus,,,,,,,,,,,,
Marika,4-6 plants per m²,rhizome 3-5 cm deep,Oct-Nov or Mar-Apr,2 years to first crop,30-40 cm in row; 60-80 cm between rows,Harvest Jul-Aug; exceptional aroma; Finnish cultivar; hand pick only,MTT Finland;Arctic plant nurseries,Arctic bramble; exceptional aroma,,,,,,fresh eating,Rubus arcticus,,,,,,,,,,,,
Grindstad,15-20 kg/ha,1-2 cm,May-Jun or Aug (undersown),perennial; 2nd year full yield,broadcast or 12 cm drill rows,2-3 cuts per season; first cut at heading; primary Scandinavian forage,Graminor;NordGen,Most widely grown Scandinavian timothy,,,,,,forage,Phleum pratense,,,,,,,,,,,,
Lidar,15-20 kg/ha,1-2 cm,May-Jun or Aug (undersown),perennial; 2nd year full yield,broadcast or 12 cm drill rows,2-3 cuts per season; high digestibility; excellent animal palatability,Graminor;NordGen,Norwegian timothy; high digestibility,,,,,,forage,Phleum pratense,,,,,,,,,,,,
Switch,15-20 kg/ha,1-2 cm,May-Jun or Aug (undersown),perennial; 2nd year full yield,broadcast or 12 cm drill rows,2-3 cuts per season; early heading; good for first-cut timing,Graminor;NordGen,Norwegian timothy; early heading,,,,,,forage,Phleum pratense,,,,,,,,,,,,
Engmo,15-20 kg/ha,1-2 cm,Jun or Aug (undersown),perennial; 2nd year full yield,broadcast or 12 cm drill rows,1-2 cuts per season; Arctic adapted; survives 70N latitude,Graminor;NordGen,Arctic timothy; survives 70N,,,,,,forage,Phleum pratense,,,,,,,,,,,,
Noreng,15-20 kg/ha,1-2 cm,Jun or Aug (undersown),perennial; 2nd year full yield,broadcast or 12 cm drill rows,1-2 cuts per season; adapted to northern Norway conditions,Graminor;NordGen,Northern Norwegian timothy,,,,,,forage,Phleum pratense,,,,,,,,,,,,
Iki,15-20 kg/ha,1-2 cm,May-Jun or Aug (undersown),perennial; 2nd year full yield,broadcast or 12 cm drill rows,2-3 cuts per season; tolerates ice encasement; Finnish conditions,Boreal;NordGen,Finnish timothy; ice encasement tolerant,,,,,,forage,Phleum pratense,,,,,,,,,,,,
Jonathan,15-20 kg/ha,1-2 cm,May-Jun or Aug (undersown),perennial; 2nd year full yield,broadcast or 12 cm drill rows,2-3 cuts per season; late heading extends grazing season,Boreal;NordGen,Finnish timothy; late heading,,,,,,forage,Phleum pratense,,,,,,,,,,,,
Vega,20-25 kg/ha,1-2 cm,May-Jun or Aug (undersown),perennial; 2nd year full yield,broadcast or 12 cm drill rows,2-3 cuts per season; highly palatable; good in timothy mixtures,Graminor;NordGen,Norwegian meadow fescue; palatable,,,,,,forage,Festuca pratensis,,,,,,,,,,,,
Fure,20-25 kg/ha,1-2 cm,May-Jun or Aug (undersown),perennial; 2nd year full yield,broadcast or 12 cm drill rows,2-3 cuts per season; persistent in stand; long-lived perennial,Graminor;NordGen,Norwegian meadow fescue; persistent,,,,,,forage,Festuca pratensis,,,,,,,,,,,,
Kasper,20-25 kg/ha,1-2 cm,May-Jun or Aug (undersown),perennial; 2nd year full yield,broadcast or 12 cm drill rows,2-3 cuts per season; winter hardy; Finnish conditions,Boreal;NordGen,Finnish meadow fescue; hardy,,,,,,forage,Festuca pratensis,,,,,,,,,,,,
Hykor,25-30 kg/ha,1-2 cm,May-Jun or Aug (undersown),perennial; 1st year establishment,broadcast or 12 cm drill rows,3-4 cuts per season; hybrid vigor; high yield; may thin after 2-3 years,DLF;commercial,Danish festulolium; hybrid vigor,,,,,,forage,x Festulolium,,,,,,,,,,,,
Perun,25-30 kg/ha,1-2 cm,May-Jun or Aug (undersown),perennial; 1st year establishment,broadcast or 12 cm drill rows,3-4 cuts per season; winter hardy for festulolium; good persistence,OSEVA;NordGen,Czech festulolium; winter hardy,,,,,,forage,x Festulolium,,,,,,,,,,,,
Trygve,25-30 kg/ha,1-2 cm,May-Jun or Aug (undersown),perennial; 1st year establishment,broadcast or 12 cm drill rows,3-4 cuts per season; northernmost ryegrass; winter survival is key,Graminor;NordGen,Norwegian perennial ryegrass; northernmost,,,,,,forage,Lolium perenne,,,,,,,,,,,,
Figgjo,25-30 kg/ha,1-2 cm,May-Jun or Aug (undersown),perennial; 1st year establishment,broadcast or 12 cm drill rows,3-4 cuts per season; persistent; maritime Norwegian climate,Graminor;NordGen,Norwegian perennial ryegrass; persistent,,,,,,forage,Lolium perenne,,,,,,,,,,,,
Birger,25-30 kg/ha,1-2 cm,May-Jun or Aug (undersown),perennial; 1st year establishment,broadcast or 12 cm drill rows,3-4 cuts per season; Swedish bred for winter survival,Lantmannen;NordGen,Swedish perennial ryegrass; winter survival,,,,,,forage,Lolium perenne,,,,,,,,,,,,
Gondolin,8-12 kg/ha (pure) or 3-5 kg/ha (mix),1-2 cm,May-Jun (undersown with cereal),perennial; 2nd year full yield; nitrogen fixer,broadcast or 12 cm drill rows,2-3 cuts per season; persistent; nitrogen fixer; 2-4 year stands,Graminor;NordGen,Norwegian red clover; persistent,,,,,,forage,Trifolium pratense,,,,,,,,,,,,
Lea,8-12 kg/ha (pure) or 3-5 kg/ha (mix),1-2 cm,May-Jun (undersown with cereal),perennial; 2nd year full yield; nitrogen fixer,broadcast or 12 cm drill rows,2-3 cuts per season; high yielding; good for silage,Graminor;NordGen,Norwegian red clover; high yield,,,,,,forage,Trifolium pratense,,,,,,,,,,,,
Bjursele,8-12 kg/ha (pure) or 3-5 kg/ha (mix),1-2 cm,May-Jun (undersown with cereal),perennial; 2nd year full yield; nitrogen fixer,broadcast or 12 cm drill rows,2-3 cuts per season; extreme winterhardiness; northern Sweden,Lantmannen;NordGen,Swedish red clover; extreme winterhardiness,,,,,,forage,Trifolium pratense,,,,,,,,,,,,
Betty,3-5 kg/ha (in mix),0.5-1 cm,May-Jun (undersown),perennial; 1st year establishment; nitrogen fixer,broadcast,Continuous grazing or 3-4 cuts mixed; stoloniferous; self-reseeding,Graminor;NordGen,Norwegian white clover; stolon density,,,,,,forage,Trifolium repens,,,,,,,,,,,,
Carmine Jewel,1 plant per 1.5-2 m,graft union at soil level or own-root,Oct-Nov or Mar-Apr,3-4 years to first crop,1.5-2 m in row; 3-4 m between rows,Harvest mid-Jul; tart cherry; excellent for pies and preserves; machine harvestable,University of Saskatchewan;cold-hardy nurseries,USask bush cherry; extremely cold hardy,,,,,,fresh eating,Prunus hybrid,,,,,,,,,,,,
Romeo,1 plant per 1.5-2 m,graft union at soil level or own-root,Oct-Nov or Mar-Apr,3-4 years to first crop,1.5-2 m in row; 3-4 m between rows,Harvest mid-Jul; best fresh eating of Romance series; sweet-tart,University of Saskatchewan;cold-hardy nurseries,USask bush cherry; best fresh eating,,,,,,fresh eating,Prunus hybrid,,,,,,,,,,,,
Juliet,1 plant per 1.5-2 m,graft union at soil level or own-root,Oct-Nov or Mar-Apr,3-4 years to first crop,1.5-2 m in row; 3-4 m between rows,Harvest early Jul; earliest of Romance series; sweet-tart flavor,University of Saskatchewan;cold-hardy nurseries,USask bush cherry; earliest flowering,,,,,,fresh eating,Prunus hybrid,,,,,,,,,,,,
Crimson Passion,1 plant per 1.5-2 m,graft union at soil level or own-root,Oct-Nov or Mar-Apr,3-4 years to first crop,1.5-2 m in row; 3-4 m between rows,Harvest mid-Jul; darkest color; high anthocyanins; excellent for juice,University of Saskatchewan;cold-hardy nurseries,USask bush cherry; darkest color,,,,,,fresh eating,Prunus hybrid,,,,,,,,,,,,
Valentine,1 plant per 1.5-2 m,graft union at soil level or own-root,Oct-Nov or Mar-Apr,3-4 years to first crop,1.5-2 m in row; 3-4 m between rows,Harvest late Jul; large fruit; excellent for baking and preserves,University of Saskatchewan;cold-hardy nurseries,USask bush cherry; large fruit; baking,,,,,,fresh eating,Prunus hybrid,,,,,,,,,,,,
Cupid,1 plant per 1.5-2 m,graft union at soil level or own-root,Oct-Nov or Mar-Apr,3-4 years to first crop,1.5-2 m in row; 3-4 m between rows,Harvest late Jul; largest fruit in Romance series; sweetest of series,University of Saskatchewan;cold-hardy nurseries,USask bush cherry; largest fruit; sweet,,,,,,fresh eating,Prunus hybrid,,,,,,,,,,,,
North Star,1 tree per 3-4 m,graft union at soil level,Oct-Nov (dormant),3-4 years to first fruit,3-4 m between trees,Harvest mid-Jul; dwarf tree; self-fertile; classic pie cherry,University of Minnesota;cold-hardy nurseries,Minnesota sour cherry; dwarf; self-fertile,,,,,,fresh eating,Prunus cerasus,,,,,,,,,,,,
Meteor,1 tree per 3-4 m,graft union at soil level,Oct-Nov (dormant),3-4 years to first fruit,3-4 m between trees,Harvest mid-Jul; Montmorency-type; bright red; self-fertile,University of Minnesota;cold-hardy nurseries,Minnesota sour cherry; Montmorency-type,,,,,,fresh eating,Prunus cerasus,,,,,,,,,,,,
Titania,1 plant per 1.5 m,crown at soil level,Oct-Nov or Mar-Apr,2 years to first crop,1.5 m in row; 2-3 m between rows,Harvest Jul; mildew resistant; large bush; machine or hand harvest,SLU Balsgard;Nordic nurseries,Swedish black currant; mildew resistant,,,,,,fresh eating;juice/wine,Ribes nigrum,,,,,,,,,,,,
Ben Alder,1 plant per 1.5 m,crown at soil level,Oct-Nov or Mar-Apr,2 years to first crop,1.5 m in row; 2-3 m between rows,Harvest late Jul; bred for juice processing; high yields,SCRI;UK nurseries,Scottish black currant; late; juice quality,,,,,,juice/wine,Ribes nigrum,,,,,,,,,,,,
Ben Tirran,1 plant per 1.5 m,crown at soil level,Oct-Nov or Mar-Apr,2 years to first crop,1.5 m in row; 2-3 m between rows,Harvest late Jul-Aug; very late; extends harvest season,SCRI;UK nurseries,Scottish black currant; very late,,,,,,juice/wine,Ribes nigrum,,,,,,,,,,,,
Mortti,1 plant per 1.5 m,crown at soil level,Oct-Nov or Mar-Apr,2 years to first crop,1.5 m in row; 2-3 m between rows,Harvest Jul; extreme winter hardy; reliable in zone 2-3,MTT Finland;Nordic nurseries,Finnish black currant; extreme winter hardy,,,,,,fresh eating;juice/wine,Ribes nigrum,,,,,,,,,,,,
Melalahti,1 plant per 1.5 m,crown at soil level,Oct-Nov or Mar-Apr,2 years to first crop,1.5 m in row; 2-3 m between rows,Harvest Jul; excellent juice quality; Finnish cultivar,MTT Finland;Nordic nurseries,Finnish black currant; juice quality,,,,,,juice/wine,Ribes nigrum,,,,,,,,,,,,
Consort,1 plant per 1.5 m,crown at soil level,Oct-Nov or Mar-Apr,2 years to first crop,1.5 m in row; 2-3 m between rows,Harvest Jul; immune to white pine blister rust; permitted near conifers,Agriculture Canada;North American nurseries,Canadian black currant; blister rust immune,,,,,,fresh eating;juice/wine,Ribes nigrum,,,,,,,,,,,,
Ojebyn,1 plant per 1.5 m,crown at soil level,Oct-Nov or Mar-Apr,2 years to first crop,1.5 m in row; 2-3 m between rows,Harvest Jul; extremely winter hardy; reliable in zone 2,NordGen;Nordic nurseries,Swedish black currant; extremely hardy,,,,,,fresh eating;juice/wine,Ribes nigrum,,,,,,,,,,,,
Risager,1 plant per 1.5 m,crown at soil level,Oct-Nov or Mar-Apr,2 years to first crop,1.5 m in row; 2-3 m between rows,Harvest late Jun-Jul; early ripening; large berries; Danish cultivar,Danish breeding;Nordic nurseries,Danish black currant; early; large berry,,,,,,fresh eating;juice/wine,Ribes nigrum,,,,,,,,,,,,
Rovada,1 plant per 1.5 m,crown at soil level,Oct-Nov or Mar-Apr,2 years to first crop,1.5 m in row; 2-3 m between rows,Harvest Jul; very large clusters; easy harvest; late ripening,Dutch nurseries;commercial,Dutch red currant; very large clusters,,,,,,fresh eating,Ribes rubrum,,,,,,,,,,,,
Jonkheer van Tets,1 plant per 1.5 m,crown at soil level,Oct-Nov or Mar-Apr,2 years to first crop,1.5 m in row; 2-3 m between rows,Harvest late Jun-Jul; early ripening; classic red currant; reliable,Dutch nurseries;commercial,Dutch red currant; early; classic,,,,,,fresh eating,Ribes rubrum,,,,,,,,,,,,
Hinnomaki Red,1 plant per 1.5 m,crown at soil level,Oct-Nov or Mar-Apr,2-3 years to first crop,1.5 m in row; 2-3 m between rows,Harvest Jul; disease resistant; red berries; thorny,MTT Finland;Nordic nurseries,Finnish gooseberry; disease resistant,,,,,,fresh eating,Ribes uva-crispa,,,,,,,,,,,,
Pixwell,1 plant per 1.5 m,crown at soil level,Oct-Nov or Mar-Apr,2-3 years to first crop,1.5 m in row; 2-3 m between rows,Harvest Jul; nearly thornless; zone 2 hardy; green-pink berries,North American nurseries;commercial,American gooseberry; zone 2; thornless,,,,,,fresh eating,Ribes uva-crispa,,,,,,,,,,,,
Northblue,1 plant per 1-1.2 m,crown at soil level; acidic soil required (pH 4.5-5.5),Oct-Nov or Mar-Apr,3-4 years to full crop,1-1.2 m in row; 2.5-3 m between rows,Harvest late Jul-Aug; half-high hybrid; large dark berries; hand pick,University of Minnesota;cold-hardy nurseries,Minnesota half-high blueberry; cold hardy,,,,,,fresh eating,Vaccinium corymbosum x angustifolium,,,,,,,,,,,,
Northcountry,1 plant per 1-1.2 m,crown at soil level; acidic soil required (pH 4.5-5.5),Oct-Nov or Mar-Apr,3-4 years to full crop,1-1.2 m in row; 2.5-3 m between rows,Harvest mid-Jul; early ripening; compact bush; sweet mild berries,University of Minnesota;cold-hardy nurseries,Minnesota half-high blueberry; early,,,,,,fresh eating,Vaccinium corymbosum x angustifolium,,,,,,,,,,,,
Polaris,1 plant per 1-1.2 m,crown at soil level; acidic soil required (pH 4.5-5.5),Oct-Nov or Mar-Apr,3-4 years to full crop,1-1.2 m in row; 2.5-3 m between rows,Harvest mid-Jul; aromatic flavor; compact bush; early ripening,University of Minnesota;cold-hardy nurseries,Minnesota half-high blueberry; aromatic,,,,,,fresh eating,Vaccinium corymbosum x angustifolium,,,,,,,,,,,,
St. Cloud,1 plant per 1-1.2 m,crown at soil level; acidic soil required (pH 4.5-5.5),Oct-Nov or Mar-Apr,3-4 years to full crop,1-1.2 m in row; 2.5-3 m between rows,Harvest early Jul; very early ripening; firm sweet berries,University of Minnesota;cold-hardy nurseries,Minnesota half-high blueberry; very early,,,,,,fresh eating,Vaccinium corymbosum x angustifolium,,,,,,,,,,,,
Patriot,1 plant per 1.2-1.5 m,crown at soil level; acidic soil required (pH 4.5-5.5),Oct-Nov or Mar-Apr,3-4 years to full crop,1.2-1.5 m in row; 2.5-3 m between rows,Harvest late Jul; large berries; northern highbush; excellent flavor,USDA;cold-hardy nurseries,Northern highbush blueberry; zone 3-4,,,,,,fresh eating,Vaccinium corymbosum,,,,,,,,,,,,
Thiessen,1 plant per 1.5-2 m,crown at soil level,Oct-Nov or Mar-Apr,3-4 years to first crop,1.5-2 m in row; 4-5 m between rows,Harvest late Jun-Jul; largest fruit; sweet mild flavor; hand pick,University of Saskatchewan;prairie nurseries,Largest-fruited saskatoon berry,,,,,,fresh eating,Amelanchier alnifolia,,,,,,,,,,,,
Smoky,1 plant per 1.5-2 m,crown at soil level,Oct-Nov or Mar-Apr,3-4 years to first crop,1.5-2 m in row; 4-5 m between rows,Harvest late Jun-Jul; most productive; sweet mild; commercial standard,Agriculture Canada;prairie nurseries,Most widely planted saskatoon cultivar,,,,,,fresh eating,Amelanchier alnifolia,,,,,,,,,,,,
Northline,1 plant per 1.5-2 m,crown at soil level,Oct-Nov or Mar-Apr,3-4 years to first crop,1.5-2 m in row; 4-5 m between rows,Harvest late Jun; compact habit; sweet-tart; good for hedgerow,Agriculture Canada;prairie nurseries,Compact saskatoon; sweet-tart,,,,,,fresh eating,Amelanchier alnifolia,,,,,,,,,,,,
Martin,1 plant per 1.5-2 m,crown at soil level,Oct-Nov or Mar-Apr,3-4 years to first crop,1.5-2 m in row; 4-5 m between rows,Harvest late Jun-Jul; large upright bush; firm fruit; easy harvest,Agriculture Canada;prairie nurseries,Large upright saskatoon berry,,,,,,fresh eating,Amelanchier alnifolia,,,,,,,,,,,,
JB30,1 plant per 1.5-2 m,crown at soil level,Oct-Nov or Mar-Apr,3-4 years to first crop,1.5-2 m in row; 4-5 m between rows,Harvest late Jun-Jul; newest USask release; largest fruit size,University of Saskatchewan;prairie nurseries,Newest USask saskatoon; largest fruit,,,,,,fresh eating,Amelanchier alnifolia,,,,,,,,,,,,
Ure,1 tree per 4-5 m,graft union at soil level,Oct-Nov (dormant),4-6 years to first fruit,4-5 m between trees,Harvest Aug-Sep; small fruit; very cold hardy; zone 2; best for preserves,Agriculture Canada;cold-hardy nurseries,Ussurian pear hybrid; extremely cold hardy,,,,,,fresh eating,Pyrus ussuriensis hybrid,,,,,,,,,,,,
Early Gold,1 tree per 4-5 m,graft union at soil level,Oct-Nov (dormant),4-6 years to first fruit,4-5 m between trees,Harvest Aug; earliest ripening; small-medium golden fruit; zone 3,Agriculture Canada;cold-hardy nurseries,Cold-hardy pear; northern plains,,,,,,fresh eating,Pyrus ussuriensis hybrid,,,,,,,,,,,,
Kosui,1 tree per 4-5 m,graft union at soil level,Oct-Nov (dormant),3-5 years to first fruit,4-5 m between trees,Harvest Aug-Sep; sweet crisp Asian pear; limited cold tolerance; zone 5+,Japanese nurseries;specialty fruit nurseries,Japanese Nashi pear; sweet; limited cold tolerance,,,,,,fresh eating,Pyrus pyrifolia,,,,,,,,,,,,
Shinko,1 tree per 4-5 m,graft union at soil level,Oct-Nov (dormant),3-5 years to first fruit,4-5 m between trees,Harvest Sep-Oct; disease resistant; sweet Asian pear; zone 5+,Japanese nurseries;specialty fruit nurseries,Japanese Nashi pear; disease resistant,,,,,,fresh eating,Pyrus pyrifolia,,,,,,,,,,,,
Toka,1 tree per 4-5 m,graft union at soil level,Oct-Nov (dormant),3-5 years to first fruit,4-5 m between trees,Harvest Aug; sweet bubblegum flavor; excellent pollinator; zone 2,Agriculture Canada;cold-hardy nurseries,Extremely hardy plum; sweet; zone 2,,,,,,fresh eating,Prunus hybrid,,,,,,,,,,,,
Waneta,1 tree per 4-5 m,graft union at soil level,Oct-Nov (dormant),3-5 years to first fruit,4-5 m between trees,Harvest Aug; very large fruit; American-Japanese hybrid; zone 2,Agriculture Canada;cold-hardy nurseries,American hybrid plum; large; zone 2,,,,,,fresh eating,Prunus hybrid,,,,,,,,,,,,
Superior,1 tree per 4-5 m,graft union at soil level,Oct-Nov (dormant),3-5 years to first fruit,4-5 m between trees,Harvest Aug-Sep; excellent eating quality; large red fruit; zone 3,Agriculture Canada;cold-hardy nurseries,Cold-hardy plum; excellent eating,,,,,,fresh eating,Prunus hybrid,,,,,,,,,,,,
Alderman,1 tree per 4-5 m,graft union at soil level,Oct-Nov (dormant),3-5 years to first fruit,4-5 m between trees,Harvest Sep; large blue plum; excellent quality; zone 3-4,University of Minnesota;cold-hardy nurseries,Cold-hardy blue plum; excellent quality,,,,,,fresh eating,Prunus hybrid,,,,,,,,,,,,
Brookred,1 tree per 4-5 m,graft union at soil level,Oct-Nov (dormant),3-5 years to first fruit,4-5 m between trees,Harvest Aug; productive red plum; zone 3; Brookings SD origin,South Dakota State;cold-hardy nurseries,Cold-hardy red plum; productive,,,,,,fresh eating,Prunus hybrid,,,,,,,,,,,,
Brookgold,1 tree per 4-5 m,graft union at soil level,Oct-Nov (dormant),3-5 years to first fruit,4-5 m between trees,Harvest Aug; golden yellow plum; sweet; zone 3,Agriculture Canada;cold-hardy nurseries,Cold-hardy yellow plum,,,,,,fresh eating,Prunus hybrid,,,,,,,,,,,,
Pembina,1 tree per 4-5 m,graft union at soil level,Oct-Nov (dormant),3-5 years to first fruit,4-5 m between trees,Harvest Aug; large red plum; zone 2-3; Canadian prairie adapted,Agriculture Canada;cold-hardy nurseries,Canadian hybrid plum; zone 2-3,,,,,,fresh eating,Prunus hybrid,,,,,,,,,,,,
Sapalta,1 tree/bush per 3-4 m,graft union at soil level or own-root,Oct-Nov (dormant),3-4 years to first fruit,3-4 m between plants,Harvest Aug; cherry-plum hybrid; compact; zone 2; excellent for preserves,Agriculture Canada;cold-hardy nurseries,Cherry-plum hybrid; zone 2; compact,,,,,,fresh eating,Prunus hybrid,,,,,,,,,,,,
Boyne,1 cane per 0.5-0.6 m,roots 5-8 cm deep,Oct-Nov or Mar-Apr,2nd year fruiting (floricane),0.5-0.6 m in row; 2.5-3 m between rows,Harvest Jul; medium red berries; zone 2 hardy; floricane bearer,Agriculture Canada;cold-hardy nurseries,Cold-hardy raspberry; zone 2; red,,,,,,fresh eating,Rubus idaeus,,,,,,,,,,,,
Nova,1 cane per 0.5-0.6 m,roots 5-8 cm deep,Oct-Nov or Mar-Apr,2nd year fruiting (floricane),0.5-0.6 m in row; 2.5-3 m between rows,Harvest Jul; thornless; large firm berries; cold hardy,Agriculture Canada;cold-hardy nurseries,Thornless red raspberry; cold hardy,,,,,,fresh eating,Rubus idaeus,,,,,,,,,,,,
Killarney,1 cane per 0.5-0.6 m,roots 5-8 cm deep,Oct-Nov or Mar-Apr,2nd year fruiting (floricane),0.5-0.6 m in row; 2.5-3 m between rows,Harvest Jul; extremely hardy; medium berries; reliable producer; zone 2,Agriculture Canada;cold-hardy nurseries,Extremely hardy red raspberry; zone 2,,,,,,fresh eating,Rubus idaeus,,,,,,,,,,,,
Scout,1 tree per 4-5 m,graft union at soil level,Oct-Nov (dormant),3-5 years to first fruit,4-5 m between trees,Harvest late Jul; cold hardy to zone 2; medium fruit; best Canadian apricot,Agriculture Canada;cold-hardy nurseries,Cold-hardy apricot; zone 2; Canadian,,,,,,fresh eating,Prunus armeniaca hybrid,,,,,,,,,,,,
Longan No. 14,1 tree per 4-5 m,graft union at soil level,Oct-Nov (dormant),3-5 years to first fruit,4-5 m between trees,Harvest late Jul; Chinese Manchurian type; very cold hardy; small fruit,Chinese breeding;specialty nurseries,Chinese cold-hardy apricot,,,,,,fresh eating,Prunus armeniaca var. mandshurica,,,,,,,,,,,,
Harlayne,1 tree per 4-5 m,graft union at soil level,Oct-Nov (dormant),3-5 years to first fruit,4-5 m between trees,Harvest late Jul-Aug; full-size apricot; excellent quality; zone 4,Agriculture Canada;cold-hardy nurseries,Cold-hardy full-size apricot; zone 4,,,,,,fresh eating,Prunus armeniaca,,,,,,,,,,,,
Fjellgull,4-6 plants per m²,rhizome 3-5 cm deep; needs acidic boggy soil,Oct-Nov or Mar-Apr,3-5 years to first crop,30-40 cm in row; 60-80 cm between rows,Harvest Aug; large golden berries; hand pick; low commercial yields,NIBIO Norway;specialty nurseries,Norwegian cloudberry cultivar; large berries,,,,,,fresh eating,Rubus chamaemorus,,,,,,,,,,,,
Fjordgull,4-6 plants per m²,rhizome 3-5 cm deep; needs acidic boggy soil,Oct-Nov or Mar-Apr,3-5 years to first crop,30-40 cm in row; 60-80 cm between rows,Harvest Aug; high carpel count; improved yields over wild; hand pick,NIBIO Norway;specialty nurseries,Norwegian cloudberry; high carpel count,,,,,,fresh eating,Rubus chamaemorus,,,,,,,,,,,,
Nyby,4-6 plants per m²,rhizome 3-5 cm deep; needs acidic boggy soil,Oct-Nov or Mar-Apr,3-5 years to first crop,30-40 cm in row; 60-80 cm between rows,Harvest Aug; self-fertile hermaphrodite; eliminates need for male pollinator,MTT Finland;specialty nurseries,Finnish cloudberry; hermaphrodite,,,,,,fresh eating,Rubus chamaemorus,,,,,,,,,,,,
Apollen,4-6 plants per m²,rhizome 3-5 cm deep; needs acidic boggy soil,Oct-Nov or Mar-Apr,3-5 years to maturity,30-40 cm in row; 60-80 cm between rows,Male pollinator; no fruit; plant alongside female cultivars for pollination,NIBIO Norway;specialty nurseries,Norwegian cloudberry; male pollinator,,,,,,forage,Rubus chamaemorus,,,,,,,,,,,,
